{
  "project_info": {
    "project_number": "622394426832",
    "project_id": "chatpulse-119c2",
    "storage_bucket": "chatpulse-119c2.firebasestorage.app"
  },
  "client": [
    {
      "client_info": {
        "mobilesdk_app_id": "1:622394426832:android:6f10f4e078a7bff09865d5",
        "android_client_info": {
          "package_name": "com.example.chatpulse"
        }
      },
      "oauth_client": [],
      "api_key": [
        {
          "current_key": "AIzaSyDBnVBJV6uFW8AOehnPvcpLYAF33TIRqKU"
        }
      ],
      "services": {
        "appinvite_service": {
          "other_platform_oauth_client": []
        }
      }
    }
  ],
  "configuration_version": "1"
}